番号,7
名前,純田真奈
呼び名,真奈
基礎,体力,2500
基礎,气力,2000
素質,处女,
素質,母性,
素質,坦率,
素質,成熟,
素質,乐观的,
素質,解放,
素質,献身的,
素質,承认快感,
素質,亲近容易,
素質,Ｂ敏感,
能力,顺从,1
能力,欲望,0
能力,技巧,0
能力,Ｃ感觉,0
能力,Ｖ感觉,0
能力,Ａ感觉,0
能力,Ｂ感觉,0
能力,奉仕精神,0
能力,露出癖,0
能力,百合气质,0
能力,ＢＬ气质,0
能力,受虐气质,0
能力,自慰中毒,0
能力,精液中毒,0
能力,百合中毒,2
能力,痛苦中毒,0
能力,捆绑中毒,0
能力,会话,1
能力,爱抚,0
能力,道具,0
能力,性交,0
能力,羞耻,0
能力,奉仕,0
能力,施虐,0
能力,异常,0
能力,奴役,0
経験,自慰経験,2
経験,道具使用経験,0
相性,4,300,
相性,5,300,
装着物,配饰,10,
装着物,袜子,1,
装着物,下半身内衣,2,
装着物,上半身内衣,1,
装着物,下半身外套,0,
装着物,上半身外套,0,
装着物,全身外套,8,
CSTR,外号,Sumimi的甜甜圈偶像
CSTR,登场名,純田 真奈
CSTR,单词,Sumita Mana
CSTR,曲１,Here, the world!
CSTR,曲２,
CSTR,曲３,
CSTR,曲４,
CSTR,曲５,
CSTR,曲６,
CSTR,称呼列表,三角初華_小初/三角初音_小初
