番号,11
名前,祐天寺若麥
呼び名,若麥
基礎,体力,4000
基礎,气力,3500
素質,处女,
素質,坦率,
素質,成熟,
素質,自尊心高,
素質,冲动的,
素質,好奇心,
素質,感情丰富,
素質,渴望关注,
素質,贞操观念,
素質,易湿,
素質,舌使,
素質,猫舌,
素質,否定快感,
素質,淫乳,
素質,急躁,
素質,坏心眼,
素質,Ｃ敏感,
素質,回复快,
能力,顺从,0
能力,欲望,1
能力,技巧,0
能力,Ｃ感觉,0
能力,Ｖ感觉,0
能力,Ａ感觉,0
能力,Ｂ感觉,0
能力,奉仕精神,0
能力,露出癖,0
能力,百合气质,1
能力,ＢＬ气质,0
能力,受虐气质,0
能力,自慰中毒,0
能力,精液中毒,0
能力,百合中毒,0
能力,痛苦中毒,0
能力,捆绑中毒,0
能力,会话,0
能力,爱抚,0
能力,道具,0
能力,性交,0
能力,羞耻,0
能力,奉仕,0
能力,施虐,1
能力,异常,0
能力,奴役,0
経験,自慰経験,0
経験,道具使用経験,0
相性,9,300,
相性,10,300,
装着物,配饰,7,
装着物,袜子,5,
装着物,下半身内衣,3,
装着物,上半身内衣,1,
装着物,下半身外套,0,
装着物,上半身外套,0,
装着物,全身外套,7,
CSTR,外号,無畏愛 ～ Amoris
CSTR,登场名,祐天寺 若麥
CSTR,单词,Yuutenji Nyamu
CSTR,曲１,Symbol I : △
CSTR,曲２,
CSTR,曲３,
CSTR,曲４,
CSTR,曲５,
CSTR,曲６,
CSTR,称呼列表,豐川祥子_祥子/三角初華_初子/三角初音_初子/八幡海鈴_海子/若葉睦_睦子/莫緹絲_睦子
