番号,14
名前,千早愛音
呼び名,愛音
基礎,体力,2500
基礎,气力,2000
素質,坦率,
素質,自大,
素質,冲动的,
素質,好奇心,
素質,乐观的,
素質,渴望关注,
素質,习得快,
素質,灵巧的指尖,
素質,腰使,
素質,好心眼,
素質,亲近容易,
能力,顺从,0
能力,欲望,0
能力,技巧,0
能力,Ｃ感觉,0
能力,Ｖ感觉,0
能力,Ａ感觉,0
能力,Ｂ感觉,0
能力,奉仕精神,0
能力,露出癖,0
能力,百合气质,0
能力,ＢＬ气质,0
能力,受虐气质,0
能力,自慰中毒,0
能力,精液中毒,0
能力,百合中毒,0
能力,痛苦中毒,0
能力,捆绑中毒,0
能力,会话,0
能力,爱抚,0
能力,道具,0
能力,性交,0
能力,羞耻,0
能力,奉仕,0
能力,施虐,0
能力,异常,0
能力,奴役,0
経験,自慰経験,0
経験,道具使用経験,0
装着物,配饰,0,
装着物,袜子,6,
装着物,下半身内衣,2,
装着物,上半身内衣,1,
装着物,下半身外套,6,
装着物,上半身外套,5,
装着物,全身外套,0,
CSTR,外号,Anno Tokyo
CSTR,登场名,千早 愛音
CSTR,单词,Chihaya Anon
CSTR,曲１,迷星叫
CSTR,曲２,
CSTR,曲３,
CSTR,曲４,
CSTR,曲５,
CSTR,曲６,
CSTR,称呼列表,長崎素世_Soyorin/椎名立希_Rikki/祐天寺若麥_にゃむち
