番号,8
名前,長崎素世
呼び名,素世
基礎,体力,3500
基礎,气力,500
素質,处女,
素質,母性,
素質,成熟,
素質,感情丰富,
素質,贞操观念,
素質,羞涩,
素質,舌使,
素質,灵巧的指尖,
素質,擅长捆绑,
素質,否定快感,
素質,Ｃ敏感,
素質,Ｂ敏感,
素質,美脚,
能力,顺从,0
能力,欲望,0
能力,技巧,0
能力,Ｃ感觉,2
能力,Ｖ感觉,0
能力,Ａ感觉,0
能力,Ｂ感觉,2
能力,奉仕精神,0
能力,露出癖,0
能力,百合气质,3
能力,ＢＬ气质,0
能力,受虐气质,0
能力,自慰中毒,0
能力,精液中毒,0
能力,百合中毒,0
能力,痛苦中毒,0
能力,捆绑中毒,0
能力,会话,0
能力,爱抚,0
能力,道具,1
能力,性交,1
能力,羞耻,0
能力,奉仕,0
能力,施虐,0
能力,异常,0
能力,奴役,0
経験,自慰経験,2
経験,道具使用経験,0
相性,9,400,
相性,10,500,
装着物,配饰,8,
装着物,袜子,3,
装着物,下半身内衣,3,
装着物,上半身内衣,1,
装着物,下半身外套,7,
装着物,上半身外套,6,
装着物,全身外套,0,
CSTR,外号,16歲未亡人
CSTR,登场名,長崎 素世
CSTR,单词,Nagasaki Soyo
CSTR,曲１,キリトリセン
CSTR,曲２,
CSTR,曲３,
CSTR,曲４,
CSTR,曲５,
CSTR,曲６,
CSTR,称呼列表,,若葉睦_睦ちゃん/莫緹絲_モーティスちゃん
