番号,12
名前,椎名立希
呼び名,立希
基礎,体力,3500
基礎,气力,3500
素質,刚毅,
素質,成熟,
素質,自尊心高,
素質,自制的,
素質,不越过底线,
素質,耐痛,
素質,献身的,
素質,慎重,
素質,回复快,
能力,顺从,0
能力,欲望,0
能力,技巧,1
能力,Ｃ感觉,0
能力,Ｖ感觉,0
能力,Ａ感觉,0
能力,Ｂ感觉,0
能力,奉仕精神,0
能力,露出癖,0
能力,百合气质,0
能力,ＢＬ气质,0
能力,受虐气质,0
能力,自慰中毒,0
能力,精液中毒,0
能力,百合中毒,0
能力,痛苦中毒,0
能力,捆绑中毒,0
能力,会话,0
能力,爱抚,0
能力,道具,0
能力,性交,0
能力,羞耻,0
能力,奉仕,0
能力,施虐,0
能力,异常,0
能力,奴役,0
経験,自慰経験,0
経験,道具使用経験,0
装着物,配饰,0,
装着物,袜子,1,
装着物,下半身内衣,2,
装着物,上半身内衣,1,
装着物,下半身外套,0,
装着物,上半身外套,0,
装着物,全身外套,4,
CSTR,外号,MyGO!!!!!的鼓手兼隊長
CSTR,登场名,椎名 立希
CSTR,单词,Shiina Taki
CSTR,曲１,春日影 (MyGO!!!!! ver.)
CSTR,曲２,
CSTR,曲３,
CSTR,曲４,
CSTR,曲５,
CSTR,曲６,
CSTR,称呼列表,
